{"_class":"page","do_objectID":"3FD89CB8-86E5-4B71-816C-E39615751786","exportOptions":{"_class":"exportOptions","exportFormats":[],"includedLayerIds":[],"layerOptions":0,"shouldTrim":false},"frame":{"_class":"rect","constrainProportions":false,"height":300,"width":300,"x":0,"y":0},"isFlippedHorizontal":false,"isFlippedVertical":false,"isLocked":false,"isVisible":true,"layerListExpandedType":0,"name":"Page 1","nameIsFixed":false,"resizingConstraint":63,"resizingType":0,"rotation":0,"shouldBreakMaskChain":false,"style":{"_class":"style","endDecorationType":0,"miterLimit":10,"startDecorationType":0},"hasClickThrough":true,"layers":[{"_class":"artboard","do_objectID":"4BBF655C-DD96-4A32-97AC-073430DC12FB","exportOptions":{"_class":"exportOptions","exportFormats":[],"includedLayerIds":[],"layerOptions":0,"shouldTrim":false},"frame":{"_class":"rect","constrainProportions":false,"height":222,"width":356,"x":68,"y":43},"isFlippedHorizontal":false,"isFlippedVertical":false,"isLocked":false,"isVisible":true,"layerListExpandedType":0,"name":"Artboard","nameIsFixed":false,"resizingConstraint":63,"resizingType":0,"rotation":0,"shouldBreakMaskChain":false,"style":{"_class":"style","endDecorationType":0,"miterLimit":10,"startDecorationType":0},"hasClickThrough":true,"layers":[{"_class":"shapeGroup","do_objectID":"FB8728E3-DE96-49AC-B61D-AC75996D1407","exportOptions":{"_class":"exportOptions","exportFormats":[],"includedLayerIds":[],"layerOptions":0,"shouldTrim":false},"frame":{"_class":"rect","constrainProportions":false,"height":96,"width":218,"x":69,"y":63},"isFlippedHorizontal":false,"isFlippedVertical":false,"isLocked":false,"isVisible":true,"layerListExpandedType":1,"name":"Rectangle","nameIsFixed":false,"resizingConstraint":63,"resizingType":0,"rotation":0,"shouldBreakMaskChain":false,"userInfo":{"com.animaapp.stc-sketch-plugin":{"kModelPropertiesKey":{}}},"style":{"_class":"style","borders":[{"_class":"border","isEnabled":false,"color":{"_class":"color","alpha":1,"blue":0.592,"green":0.592,"red":0.592},"fillType":0,"position":1,"thickness":1}],"endDecorationType":0,"fills":[{"_class":"fill","isEnabled":true,"color":{"_class":"color","alpha":1,"blue":0.9490196078431372,"green":0.9490196078431372,"red":0.9490196078431372},"fillType":0,"noiseIndex":0,"noiseIntensity":0,"patternFillType":1,"patternTileScale":1}],"miterLimit":10,"startDecorationType":0},"hasClickThrough":false,"layers":[{"_class":"rectangle","do_objectID":"D9B0BE46-9B7D-46AF-BF97-B0DFF0E5BD5E","exportOptions":{"_class":"exportOptions","exportFormats":[],"includedLayerIds":[],"layerOptions":0,"shouldTrim":false},"frame":{"_class":"rect","constrainProportions":false,"height":96,"width":218,"x":0,"y":0},"isFlippedHorizontal":false,"isFlippedVertical":false,"isLocked":false,"isVisible":true,"layerListExpandedType":0,"name":"Path","nameIsFixed":false,"resizingConstraint":63,"resizingType":0,"rotation":0,"shouldBreakMaskChain":false,"booleanOperation":-1,"edited":false,"path":{"_class":"path","isClosed":true,"pointRadiusBehaviour":1,"points":[{"_class":"curvePoint","cornerRadius":0,"curveFrom":"{0, 0}","curveMode":1,"curveTo":"{0, 0}","hasCurveFrom":false,"hasCurveTo":false,"point":"{0, 0}"},{"_class":"curvePoint","cornerRadius":0,"curveFrom":"{1, 0}","curveMode":1,"curveTo":"{1, 0}","hasCurveFrom":false,"hasCurveTo":false,"point":"{1, 0}"},{"_class":"curvePoint","cornerRadius":0,"curveFrom":"{1, 1}","curveMode":1,"curveTo":"{1, 1}","hasCurveFrom":false,"hasCurveTo":false,"point":"{1, 1}"},{"_class":"curvePoint","cornerRadius":0,"curveFrom":"{0, 1}","curveMode":1,"curveTo":"{0, 1}","hasCurveFrom":false,"hasCurveTo":false,"point":"{0, 1}"}]},"fixedRadius":0,"hasConvertedToNewRoundCorners":true}],"clippingMaskMode":0,"hasClippingMask":false,"windingRule":1},{"_class":"shapeGroup","do_objectID":"0503ECBE-30A9-4DD0-B8DE-E46BD2119449","exportOptions":{"_class":"exportOptions","exportFormats":[],"includedLayerIds":[],"layerOptions":0,"shouldTrim":false},"frame":{"_class":"rect","constrainProportions":false,"height":46,"width":153,"x":102,"y":88},"isFlippedHorizontal":false,"isFlippedVertical":false,"isLocked":false,"isVisible":true,"layerListExpandedType":1,"name":"Rectangle 2","nameIsFixed":false,"resizingConstraint":63,"resizingType":0,"rotation":0,"shouldBreakMaskChain":false,"userInfo":{"com.animaapp.stc-sketch-plugin":{"kModelPropertiesKey":{}}},"style":{"_class":"style","borders":[{"_class":"border","isEnabled":false,"color":{"_class":"color","alpha":1,"blue":0.592,"green":0.592,"red":0.592},"fillType":0,"position":1,"thickness":1}],"endDecorationType":0,"fills":[{"_class":"fill","isEnabled":true,"color":{"_class":"color","alpha":1,"blue":0.859375,"green":0.7529375178980526,"red":0.3431532118055556},"fillType":0,"noiseIndex":0,"noiseIntensity":0,"patternFillType":1,"patternTileScale":1}],"miterLimit":10,"startDecorationType":0},"hasClickThrough":false,"layers":[{"_class":"rectangle","do_objectID":"0C0C8B61-6C86-4565-B5D2-1A3A2904E454","exportOptions":{"_class":"exportOptions","exportFormats":[],"includedLayerIds":[],"layerOptions":0,"shouldTrim":false},"frame":{"_class":"rect","constrainProportions":false,"height":46,"width":153,"x":0,"y":0},"isFlippedHorizontal":false,"isFlippedVertical":false,"isLocked":false,"isVisible":true,"layerListExpandedType":0,"name":"Path","nameIsFixed":false,"resizingConstraint":63,"resizingType":0,"rotation":0,"shouldBreakMaskChain":false,"booleanOperation":-1,"edited":false,"path":{"_class":"path","isClosed":true,"pointRadiusBehaviour":1,"points":[{"_class":"curvePoint","cornerRadius":0,"curveFrom":"{0, 0}","curveMode":1,"curveTo":"{0, 0}","hasCurveFrom":false,"hasCurveTo":false,"point":"{0, 0}"},{"_class":"curvePoint","cornerRadius":0,"curveFrom":"{1, 0}","curveMode":1,"curveTo":"{1, 0}","hasCurveFrom":false,"hasCurveTo":false,"point":"{1, 0}"},{"_class":"curvePoint","cornerRadius":0,"curveFrom":"{1, 1}","curveMode":1,"curveTo":"{1, 1}","hasCurveFrom":false,"hasCurveTo":false,"point":"{1, 1}"},{"_class":"curvePoint","cornerRadius":0,"curveFrom":"{0, 1}","curveMode":1,"curveTo":"{0, 1}","hasCurveFrom":false,"hasCurveTo":false,"point":"{0, 1}"}]},"fixedRadius":0,"hasConvertedToNewRoundCorners":true}],"clippingMaskMode":0,"hasClippingMask":false,"windingRule":1}],"backgroundColor":{"_class":"color","alpha":1,"blue":1,"green":1,"red":1},"hasBackgroundColor":false,"horizontalRulerData":{"_class":"rulerData","base":0,"guides":[]},"includeBackgroundColorInExport":true,"includeInCloudUpload":true,"resizesContent":false,"verticalRulerData":{"_class":"rulerData","base":0,"guides":[]}}],"horizontalRulerData":{"_class":"rulerData","base":0,"guides":[]},"includeInCloudUpload":true,"verticalRulerData":{"_class":"rulerData","base":0,"guides":[]}}